word,count
いかが,460
教科書,358
嬉しかっ,331
動かさ,311
始まっ,282
頑張る,277
いただく,265
こんにちは,238
思い出,236
メモ,218
に対して,207
仕方,189
気落ち,189
一番,184
がんばり,176
頑張り,176
探し,174
エベレスサポーター,169
高校生,169
今回,160
丁寧,156
応用,145
しばらく,143
教材,142
戸惑う,132
大学,131
自宅,130
加え,123
忙し,123
迷っ,122
私立,117
日程,112
含め,111
紹介,109
今日,108
割か,106
普段,106
回,98
旅行,95
アカウント,94
学びや,90
赤,89
週末,89
続ける,87
社会,85
login,84
アクセス,83
取る,83
目的,83
実践,82
テレビ,81
興味,79
心,77
階上,77
安心,76
思え,76
月曜日,75
気持ち,74
載っ,74
点数,70
先,69
的,69
郵送,69
夏休み,67
取り組め,66
素晴らしい,65
英,64
皆さん,63
自分,63
楽しみ,62
沢山,61
得点,59
悔しい,59
毎週,59
打開,58
様子,58
ショット,57
増える,57
本日,57
特に,57
取り組み,56
流れ,55
壁,54
新た,54
通い,53
中,52
中学,52
幸い,52
お伝え,48
学習,48
定着,48
及び,47
か,46
水,46
茶道,46
事前,45
計画,45
真っ最中,44
生物,43
週,43
今後,40
悪い,40
梅雨,40
褒美,40
大会,39
届か,39
ルーズリーフ,38
入力,38
単元,38
就き,38
違っ,38
前回,37
問い合わせ,37
姿勢,37
サポート,36
参考,36
春休み,36
返信,36
会員,35
入室,35
良かっ,35
一概,34
強み,34
気づき,34
温かい,34
経っ,34
経過,34
解説,34
課題,34
配信,34
テク,33
今,33
助産,33
動画,33
向き合い,33
場面,33
心から,33
挽回,33
約,33
見つけ,33
頂ける,33
何かと,32
に関しまして,31
円,31
日々,31
一つ,30
考える,29
マイページ,28
楽しむ,28
粘り強く,28
レベル,27
問題,27
最後,26
夏期,25
思い悩み,25
積み重ねる,25
見え,25
お手数,24
ストライク,24
ベース,24
整理,24
タップ,23
チェック,23
体験,23
改善,23
良く,23
解決,23
ヶ月,22
上位,22
以前,22
振替,22
おめでとう,21
スピード,21
暗記,21
良けれ,21
頂い,21
広く,20
忙しかっ,20
メッセージ,19
夢,19
必要,19
満ち,19
クリア,18
困っ,18
毎回,18
活用,18
解ける,18
長い,18
不明,17
前向き,17
更新,17
環境,17
集中,17
おはよう,16
上がっ,16
次,16
考え,16
過ぎ,16
過ごす,16
難しけれ,16
飛び込む,16
はかどる,15
元気,15
分かり,15
専門,15
年間,15
忘れ,15
身体,15
ありがとう,14
同時に,14
埋め,14
場合,14
学問,14
式,14
段階,14
難しかっ,14
上部,13
具体,13
取れる,13
回り,13
大事,13
失礼,13
始まる,13
扱わ,13
明け,13
木,13
経つ,13
調べ,13
ａ,13
コツコツ,12
リアルタイム,12
伺え,12
個人,12
出題,12
感,12
時,12
焦り,12
睡眠,12
表紙,12
解く,12
部,12
頂き,12
しっかり,11
伸び,11
先輩,11
先週,11
兼ね,11
後で,11
忙しく,11
慣れ,11
本人,11
欠かさ,11
次回,11
法,11
特別,11
触る,11
過程,11
line,10
お話,10
オリジナル,10
チャット,10
ドリル,10
ワクワク,10
一,10
了承,10
休め,10
伝わっ,10
再開,10
出よ,10
勉強,10
受験,10
叶う,10
同じ,10
回分,10
差,10
応援,10
月頃,10
点,10
異なっ,10
網羅,10
習慣,10
話し,10
電話,10
いらっしゃる,9
お互い,9
よろしく,9
合わせ,9
夏,9
大きく,9
慣れる,9
方法,9
時点,9
熱意,9
繰り返す,9
者,9
頑張っ,9
お待ち,8
お送り,8
ガイド,8
リフレッシュ,8
停止,8
到達,8
原動力,8
好き,8
始める,8
引き続き,8
悩ん,8
挑戦,8
探せる,8
未,8
無事,8
狙う,8
番号,8
続い,8
覚える,8
解き,8
解け,8
進度,8
１つ,8
きっかけ,7
ちなみに,7
エベレス,7
スタート,7
タイトル,7
パフォーマンス,7
倍,7
全力,7
効率,7
多き,7
実り,7
思い,7
思わ,7
文理,7
最終,7
木曜日,7
極力,7
歯,7
気分,7
確保,7
聞く,7
聞ける,7
覚え,7
進み,7
過去,7
頻度,7
アドレス,6
アプリ,6
メリット,6
一喜一憂,6
不要,6
中学校,6
体力,6
入学,6
出,6
勝ち,6
取り組も,6
向かえ,6
周り,6
回答,6
多かっ,6
始まり,6
学べる,6
完了,6
宛,6
宜しけれ,6
実は,6
対応,6
惑わさ,6
意識,6
懐かしく,6
新しい,6
曜日,6
書き,6
東京,6
機,6
注力,6
演習,6
焦ら,6
移し,6
術,6
見れ,6
見直す,6
試験,6
進,6
除く,6
7,6
いただき,5
お過ごし,5
サイト,5
ダッシュ,5
ハイレベル,5
ペース,5
リカ,5
リズム,5
一筋縄,5
上,5
中間,5
京都大,5
今月,5
以下,5
以外,5
以降,5
伝わる,5
何事,5
使用,5
保護,5
再度,5
出場,5
利用,5
刺激,5
前,5
取っ,5
地道,5
多く,5
嫌い,5
学ん,5
学期,5
定期,5
感情,5
戻っ,5
改め,5
数,5
料,5
新着,5
時間,5
有効,5
来週,5
決め,5
準備,5
生かし,5
疑問,5
皆勤,5
目指す,5
直す,5
直前,5
積み重ね,5
続く,5
補足,5
言っ,5
調子,5
送信,5
通学,5
進ん,5
部活,5
重要,5
量,5
開催,5
頂く,5
お盆,4
お陰,4
ん,4
キャンパス,4
テスト,4
ブラウザ,4
ボランティア,4
一旦,4
上智,4
不安,4
乗り,4
伝え,4
住所,4
余力,4
例題,4
先日,4
全く,4
全然,4
分,4
単語,4
取れ,4
可能,4
固める,4
大丈夫,4
学校,4
差し支え,4
応じ,4
懐かしい,4
成績,4
持ち,4
教科,4
旨,4
書い,4
月,4
本,4
東京大学,4
溢れ,4
焦る,4
理解,4
疲れ,4
祭,4
程度,4
終わっ,4
苦手,4
落ち込み,4
見つける,4
視聴,4
言わ,4
記事,4
記憶,4
誇り,4
誰,4
貴重,4
起き,4
軌跡,4
返事,4
送ら,4
通信,4
通常,4
進行,4
長文,4
間違える,4
難し,4
順位,4
ｓ,4
,4
すみません,3
に関して,3
やる気,3
インタビュー,3
カテゴリー,3
クラス,3
コメント,3
スクリーン,3
スマホ,3
ツール,3
ボタン,3
一段,3
不便,3
中学生,3
主,3
予復習,3
事務,3
事項,3
何,3
作る,3
倍速,3
全体,3
兼ねる,3
再び,3
切り,3
前後,3
化,3
南,3
友達,3
反映,3
取り組む,3
台,3
合え,3
向き合う,3
図形,3
塾,3
多い,3
大変,3
学ぶ,3
実力,3
実現,3
家族,3
届い,3
度,3
後に,3
性,3
成長,3
手順,3
持っ,3
文法,3
新入生,3
春,3
書き込み,3
書く,3
替わり,3
望ん,3
本番,3
本線,3
案内,3
楽しく,3
楽しも,3
様,3
模索,3
模試,3
海洋,3
物事,3
発表,3
直結,3
相談,3
真剣,3
短い,3
確実,3
確認,3
第,3
結び,3
結びつい,3
結果,3
繋がっ,3
罪悪,3
自身,3
行う,3
行動,3
表す,3
見る,3
見方,3
試行錯誤,3
読み込ん,3
談,3
諦め,3
負け,3
速く,3
週間,3
過ごせる,3
部分,3
金,3
録画,3
難解,3
頑張ろ,3
1,3
benesse,2
お願い,2
ください,2
ちょうど,2
はじまる,2
アドバイス,2
エベレスノート,2
オープン,2
カード,2
スキマ,2
スタイル,2
チャンス,2
トップ,2
ノルマ,2
バスケットボール,2
ブロック,2
ペン,2
ページ,2
マイ,2
ライブ,2
一定,2
一概に,2
一緒,2
三,2
上がる,2
不在,2
両方,2
主語,2
予定,2
二,2
今週,2
余裕,2
作り,2
使い方,2
信じ,2
充実,2
分の,2
初,2
努力,2
励まさ,2
参加,2
取り,2
取得,2
同様,2
回復,2
困り,2
図書,2
国公立,2
基本,2
基礎,2
増え,2
変える,2
変えれ,2
大,2
嬉しい,2
嬉しく,2
存じ,2
学び,2
実,2
実施,2
対策,2
小さな,2
少し,2
屋,2
崩れる,2
師,2
帯,2
帰宅,2
平日,2
当日,2
形,2
待っ,2
後日,2
必ず,2
成果,2
戻り,2
手,2
打ち込む,2
扱っ,2
抱え,2
押さえ,2
担当,2
挨拶,2
振り返り,2
探す,2
改めて,2
文化,2
文型,2
文武両道,2
早い,2
昨日,2
時期,2
書,2
書き写し,2
書き込ま,2
期間,2
末,2
楽しかっ,2
様々,2
機能,2
欠席,2
水分,2
注意,2
活動,2
深め,2
済み,2
漢字,2
無料,2
状況,2
理科,2
申し込み,2
画像,2
画面,2
発行,2
直後,2
確立,2
私,2
移せ,2
積極,2
立て,2
立てる,2
箇所,2
素敵,2
終了,2
続き,2
繋がる,2
聞か,2
臨ん,2
良い,2
落とし,2
行き,2
行っ,2
褒め,2
見つかる,2
見直し,2
見返す,2
触れ,2
証拠,2
詳しい,2
詳細,2
説明,2
読む,2
足り,2
踏み出せ,2
転換,2
返っ,2
送る,2
逆,2
連休,2
遅く,2
過ごし,2
遣い,2
間,2
関東,2
際,2
難しい,2
頂け,2
頂けれ,2
高く,2
高める,2
ありがたい,1
おかげ,1
お忙しい,1
お疲れ様,1
お答え,1
すいません,1
その他,1
つながっ,1
つながり,1
できる,1
に関する,1
を通して,1
を通じて,1
イベント,1
イメージ,1
エベレスログイン,1
オススメ,1
オンライン,1
カリキュラム,1
ガイダンス,1
クリック,1
コンディション,1
サイクル,1
サポーター,1
シート,1
スケジュール,1
スマ,1
ゼミ,1
タイミング,1
テキスト,1
テーマ,1
トーク,1
ノート,1
バネ,1
バリー,1
パスワード,1
パワーアップ,1
ホ,1
ポイント,1
ミニ,1
ムービー,1
モチベーション,1
リスト,1
ルール,1
ログイン,1
一度,1
一生懸命,1
上げ,1
上手,1
上記,1
両立,1
中心,1
丸,1
久しぶり,1
乗り切り,1
乗り越え,1
予習,1
人,1
他,1
付け,1
以上,1
仮,1
休み,1
休ん,1
休息,1
休日,1
会,1
会い,1
伺い,1
位,1
体調,1
何より,1
作っ,1
使う,1
使える,1
使っ,1
例え,1
例えば,1
備え,1
優先,1
先生,1
克服,1
入っ,1
入れ,1
入試,1
全て,1
全部,1
公開,1
共,1
共に,1
内容,1
冊,1
再,1
出会い,1
出会っ,1
出席,1
分け,1
分間,1
切り替え,1
初めて,1
初回,1
削除,1
前進,1
力,1
効果,1
午後,1
協力,1
友だち,1
取り組ま,1
取り組ん,1
受け,1
受ける,1
受付,1
受講,1
右,1
各,1
合う,1
合っ,1
合わせる,1
合宿,1
合格,1
名,1
向け,1
回数,1
固め,1
国語,1
土日,1
増やし,1
変え,1
変わっ,1
変わり,1
変更,1
大きな,1
大切,1
委員,1
姿,1
学年,1
宜しく,1
実際,1
室,1
宿題,1
小,1
局,1
届け,1
工夫,1
希望,1
年末年始,1
年生,1
広範囲,1
序盤,1
当て,1
影響,1
待ち遠しい,1
後,1
得意,1
復習,1
心強い,1
忙しい,1
思い出し,1
思う,1
思える,1
思っ,1
恐れ入り,1
悩ま,1
悩み,1
悪かっ,1
情報,1
意気込み,1
感じ,1
感想,1
手元,1
手紙,1
手続き,1
抜い,1
押さえる,1
押し,1
拝見,1
振り返る,1
捉え,1
授業,1
接続詞,1
掴ん,1
教え,1
数学,1
新,1
方,1
日,1
早慶,1
早速,1
明確,1
時短,1
暑い,1
更に,1
書き込む,1
書き込ん,1
最,1
最初,1
有意義,1
朝,1
期末,1
本当に,1
東北大学,1
格段,1
検討,1
楽しい,1
楽しめ,1
楽しん,1
機会,1
歌唱,1
歩,1
段々,1
段々と,1
毎日,1
比べる,1
気,1
気軽,1
活かし,1
消す,1
添付,1
火,1
無理,1
特製,1
状態,1
現状,1
理由,1
生活,1
申し訳,1
申請,1
異なり,1
異なる,1
登録,1
目,1
目指さ,1
目指し,1
目標,1
直し,1
直接,1
着実,1
短く,1
短時間,1
短期間,1
研,1
科目,1
空い,1
窓口,1
章,1
等,1
策,1
範囲,1
精神,1
糸口,1
紙,1
紛失,1
経験,1
結ぶ,1
続け,1
総,1
締切,1
繋がら,1
繋がり,1
繰り返し,1
置く,1
習い事,1
聞け,1
職業,1
肩,1
自体,1
自信,1
自習,1
英単語,1
英文,1
英語,1
落ち着い,1
表現,1
表示,1
補給,1
見,1
見つから,1
見つかり,1
見守っ,1
視点,1
観点,1
解い,1
言葉,1
記載,1
試し,1
試行,1
話せる,1
詳しく,1
誘惑,1
誠に,1
読ん,1
調整,1
講座,1
講習,1
責め,1
資料,1
資格,1
賞,1
質問,1
越える,1
趣味,1
身,1
辛い,1
追い上げ,1
退会,1
送っ,1
送れ,1
送れる,1
通り,1
通話,1
速,1
速度,1
連絡,1
進め,1
達成,1
違い,1
選択,1
錯誤,1
長く,1
開き,1
開始,1
間違い,1
間違え,1
関心,1
限ら,1
限り,1
陰ながら,1
隙間,1
難しく,1
難易,1
難関,1
項目,1
願っ,1
食べ,1
馴染め,1
驚い,1
驚き,1
高,1
高校,1
